word,japanese,explanation
cup,カップ,飲み物を入れる取っ手付きの器。給湯室やカフェの場面で出る。
mug,マグカップ,厚手で大きめのカップ。cupと見た目が似ているので注意。
bottle,ボトル,飲み物を入れる細長い容器。water bottleで水筒。
pen,ペン,インクで書く筆記用具。書類にサインする場面でよく出る。
pencil,鉛筆,芯で書く筆記用具。消せるのがpenとの違い。
notebook,ノート,メモや記録を書く冊子。laptopの意味で使われることもある。
book,本,読むための冊子。bookには「予約する」という動詞の意味もある。
laptop,ノートパソコン,持ち運べるパソコン。オフィスや出張の場面で頻出。
keyboard,キーボード,文字を入力する装置。
mouse,マウス,パソコンの画面を操作する道具。
smartphone,スマートフォン,インターネットが使える携帯電話。
headphones,ヘッドホン,耳に当てて音を聞く装置。複数形で使う。
glasses,眼鏡,視力を補う道具。複数形で使う。drinking glassesならグラス。
scissors,はさみ,紙などを切る道具。複数形で使う。
stapler,ホッチキス,紙をとじる道具。オフィス用品の場面で出る。
calculator,電卓,計算をする機械。経理や会計の場面で出る。
clock,時計,壁や机に置く時計。腕時計はwatch。
umbrella,傘,雨を防ぐ道具。
backpack,リュックサック,背負うかばん。
chair,椅子,座るための家具。会議室の場面でよく出る。